Datum;Niederschlag;Sonne_h;Temperatur_max;
01.01.2015;8;0;6,2;
02.01.2015;2,2;0,7;9,5;
03.01.2015;4,2;0;5,9;
04.01.2015;0;4,7;5,8;
05.01.2015;0,2;0;6,1;
06.01.2015;0,2;0;4,2;
07.01.2015;1,3;2,2;7;
08.01.2015;7,5;0;7,3;
09.01.2015;12,6;0,1;8,4;
10.01.2015;6;0;11,8;
11.01.2015;4;0,5;6,3;
12.01.2015;13,8;0;8,6;
13.01.2015;12;0;9,5;
14.01.2015;6,2;0,3;5,2;
15.01.2015;13,6;0;8,3;
16.01.2015;0;0,3;7,1;
17.01.2015;0;4,9;5,1;
18.01.2015;4,1;0;2,3;
19.01.2015;1,3;0;1,2;
20.01.2015;1,3;0;0,6;
21.01.2015;0;0;-0,4;
22.01.2015;0;0,4;-0,4;
23.01.2015;0;0;-0,8;
24.01.2015;1,9;0;0,9;
25.01.2015;0;2,7;3,9;
26.01.2015;6,4;0;5,3;
27.01.2015;0;5,9;6;
28.01.2015;16,6;0;5,2;
29.01.2015;8,1;0;2,4;
30.01.2015;0;0,6;2,3;
31.01.2015;0;0;-1;
01.02.2015;4,5;0,1;1,5;
02.02.2015;0,2;0,9;2,3;
03.02.2015;0,4;0,2;0;
04.02.2015;0,5;1,8;-0,4;
05.02.2015;0;2,6;1,4;
06.02.2015;0;5,3;1,5;
07.02.2015;0;0;5;
08.02.2015;0,1;6,9;5;
09.02.2015;0;0;7,5;
10.02.2015;0;1,6;8,7;
11.02.2015;0;0;4;
12.02.2015;0;0;2,6;
13.02.2015;0;0;1,7;
14.02.2015;0;1;3,4;
15.02.2015;0;0;3,7;
16.02.2015;0;0;2,9;
17.02.2015;0;0,3;3;
18.02.2015;0;5,4;7,6;
19.02.2015;0;6,9;7,9;
20.02.2015;5,9;0;5,1;
21.02.2015;3,5;0;5,7;
22.02.2015;0,8;4,3;7,1;
23.02.2015;1,7;0,4;6,3;
24.02.2015;0;1,5;6,5;
25.02.2015;0,7;3,7;7,9;
26.02.2015;1;2,1;7,9;
27.02.2015;4,8;0;5,6;
28.02.2015;1,7;4,3;7,3;
01.03.2015;2,1;0,7;8,8;
02.03.2015;2,9;0,8;6,1;
03.03.2015;6,8;1,8;6,4;#BEZUG!
04.03.2015;2,3;2,9;7,3;#BEZUG!
05.03.2015;0,1;2,9;7,9;
06.03.2015;0;0,5;9,1;
07.03.2015;0;0,4;12,1;
08.03.2015;0;9,3;16,7;
09.03.2015;1;5,1;10,3;
10.03.2015;0;5,6;11,1;
11.03.2015;0;10,8;10,5;
12.03.2015;0;10,8;8,3;
13.03.2015;0;2,6;6,2;
14.03.2015;0;1,2;6,5;
15.03.2015;0;0;6,1;
16.03.2015;0;6,9;10,1;
17.03.2015;0;9,4;12,2;
18.03.2015;0;6,3;13,1;
19.03.2015;0;11,1;12,4;
20.03.2015;4,1;1,4;7,6;
21.03.2015;3,3;0;5,1;
22.03.2015;0;11,2;6,2;
23.03.2015;0;10;9,9;
24.03.2015;0;2,4;9,3;
25.03.2015;1,7;2;8,9;
26.03.2015;0;0,5;9,2;
27.03.2015;2,5;0,3;8,1;
28.03.2015;8,9;1,4;10,6;
29.03.2015;13;0;9,6;
30.03.2015;6,7;3,2;7,9;
31.03.2015;11,3;0,1;8,1;
01.04.2015;3,1;4,8;7,5;
02.04.2015;0,4;8,7;8,7;
03.04.2015;0;7,4;8,7;
04.04.2015;0;12,4;9,6;
05.04.2015;0;10,5;10,5;
06.04.2015;0;12,7;9;
07.04.2015;0;0,4;9,8;
08.04.2015;0;7,3;13,4;
09.04.2015;0;7,2;15,1;
10.04.2015;0;9,5;15,2;
11.04.2015;6,5;8,1;19,9;
12.04.2015;1,6;6,3;13,8;
13.04.2015;0,1;9,7;11,2;
14.04.2015;0;0,1;12,8;
15.04.2015;0;10;17,2;
16.04.2015;0;6,3;11;
17.04.2015;0;10,8;11,8;
18.04.2015;0;12,1;12,7;
19.04.2015;0;11,9;11,1;
20.04.2015;0;13,9;16,6;
21.04.2015;0;13,9;16,4;
22.04.2015;0;10,8;16;
23.04.2015;0;9,9;16,5;
24.04.2015;0,1;7,4;17,4;
25.04.2015;5,7;0;15,4;
26.04.2015;0,8;0;11,3;
27.04.2015;0;6,2;12;
28.04.2015;0;9,4;12,6;
29.04.2015;0,3;9,3;14,1;
30.04.2015;1,4;3,4;14;
01.05.2015;0;6,3;11,8;
02.05.2015;0;10,4;13,1;
03.05.2015;7,7;9,7;16,7;
04.05.2015;1,9;5,6;18,4;
05.05.2015;14,8;3,8;24,2;
06.05.2015;3,1;9,6;18,5;
07.05.2015;2,4;5,7;13,8;
08.05.2015;0;9,1;12,8;
09.05.2015;3,7;1,5;16,4;
10.05.2015;0;8,2;14,5;
11.05.2015;0;11,4;23,8;
12.05.2015;2,9;3;17,7;
13.05.2015;0;2,3;13,3;
14.05.2015;0;0,2;12,8;
15.05.2015;0;7,7;15,6;
16.05.2015;0,3;0;11,7;
17.05.2015;0,4;8,7;13,6;
18.05.2015;8,9;0;13,2;
19.05.2015;12,4;5,8;14,2;
20.05.2015;1,7;9,1;14,5;
21.05.2015;0,2;7,9;14,7;
22.05.2015;1,1;8,2;19,4;
23.05.2015;0,4;7,5;15,6;
24.05.2015;0,5;13,9;17,8;
25.05.2015;0;0,4;13,1;
26.05.2015;0;6,7;15;
27.05.2015;0;4,5;14,9;
28.05.2015;4,3;3;15,1;
29.05.2015;3,4;6,4;16,7;
30.05.2015;0,8;7,5;13,5;
31.05.2015;3,7;1,5;17,1;
01.06.2015;2,2;0;15,5;
02.06.2015;0,6;1,3;17,3;
03.06.2015;0;5,35;16,5;
04.06.2015;0;15,6;17,9;
05.06.2015;0,9;13,383;25,5;
06.06.2015;0;9,317;21,1;
07.06.2015;0;12,9;18,4;
08.06.2015;0;6,7;16,4;
09.06.2015;0;9,583;17,3;
10.06.2015;0;16,333;19,6;
11.06.2015;0;15,95;17,8;
12.06.2015;0;16,217;21,7;
13.06.2015;3,7;3,417;25,3;
14.06.2015;0;0,6;16,4;
15.06.2015;0;4,583;15,3;
16.06.2015;0;3,267;15,3;
17.06.2015;4,7;3,367;17,6;
18.06.2015;1,3;1,75;15,2;
19.06.2015;0,7;1,5;16,2;
20.06.2015;0;8,3;18,3;
21.06.2015;14,4;2,167;18,1;
22.06.2015;1,8;4,967;17,3;
23.06.2015;0,4;7,733;19,6;
24.06.2015;0,1;0,217;14,2;
25.06.2015;0;4,067;20,5;
26.06.2015;0,1;5,15;20,5;
27.06.2015;0,1;1,967;21,5;
28.06.2015;2,6;11,5;22,2;
29.06.2015;0;11,483;22,9;
30.06.2015;0;14,067;21,6;
01.07.2015;0;16,517;24,3;
02.07.2015;0;16,367;29,4;
03.07.2015;0;13,033;27,7;
04.07.2015;0,2;13,017;28,5;
05.07.2015;15,9;4,2;27,4;
06.07.2015;0;12,133;21,7;
07.07.2015;2,4;8,35;26,9;
08.07.2015;4;6,267;19,2;
09.07.2015;0,1;6,083;16,5;
10.07.2015;0;11,133;18,3;
11.07.2015;0;7,483;20,1;
12.07.2015;0,3;0,25;21,1;
13.07.2015;0;2,933;21,9;
14.07.2015;0;6,733;21,2;
15.07.2015;3,9;11,383;22,1;
16.07.2015;0;6,817;21,8;
17.07.2015;1,8;12,15;26,6;
18.07.2015;0;11,283;23,3;
19.07.2015;2,3;0;15,9;
20.07.2015;0,8;7,7;20,5;
21.07.2015;1,2;9,95;22,6;
22.07.2015;0;9,4;25,7;
23.07.2015;0;6,25;21;
24.07.2015;21,6;6,233;21,4;
25.07.2015;8,9;1,8;24,2;
26.07.2015;0,7;7,767;18,9;
27.07.2015;21,8;0,6;18,2;
28.07.2015;14,2;2,283;20;
29.07.2015;22,5;2,967;16,9;
30.07.2015;2,1;0;14,5;
31.07.2015;0;4,367;17,4;
01.08.2015;0;12,6;18,7;
02.08.2015;0;12,833;22,7;
03.08.2015;0;14,517;28,4;
04.08.2015;4,1;8,05;29,7;
05.08.2015;0;13,433;23,6;
06.08.2015;0;12,883;30,4;
07.08.2015;3,7;7,5;23,4;
08.08.2015;0;2,7;20,7;
09.08.2015;0;13,733;22,6;
10.08.2015;11,5;5,567;24,3;
11.08.2015;0;7,217;25,3;
12.08.2015;0;4,333;20,2;
13.08.2015;0;13,9;21,8;
14.08.2015;0,4;9,867;25,8;
15.08.2015;0;3,25;22,6;
16.08.2015;9;4,233;23,4;
17.08.2015;3,3;0,067;20,3;
18.08.2015;0,3;0,017;20,7;
19.08.2015;0;6;21,3;
20.08.2015;0;8,717;22,8;
21.08.2015;0;12,917;24,2;
22.08.2015;0;13,45;24,6;
23.08.2015;0;13,217;22,6;
24.08.2015;0;4,883;23,1;
25.08.2015;6,4;5,75;20,1;
26.08.2015;3;5,6;24,5;
27.08.2015;5,1;0,483;21;
28.08.2015;0;7,867;20,8;
29.08.2015;0;7,867;21,9;
30.08.2015;0;4,367;20,9;
31.08.2015;2,7;6,017;25,9;
01.09.2015;0;0,1;19,7;
02.09.2015;0;6,483;18,2;
03.09.2015;0;9,767;19,2;
04.09.2015;1,3;3,4;16,4;
05.09.2015;5;4,967;16,6;
06.09.2015;0;7,067;18,7;
07.09.2015;0;12,283;18,3;
08.09.2015;0;9,983;18,7;
09.09.2015;0;10,533;17,9;
10.09.2015;0;9,883;19,1;
11.09.2015;1,6;0,517;16,4;
12.09.2015;7,3;6;19,9;
13.09.2015;4,3;1,283;20,4;
14.09.2015;21,8;3;19;
15.09.2015;10;6,7;16,2;
16.09.2015;2;0,083;17,8;
17.09.2015;4,3;0,9;19;
18.09.2015;0;4,683;18,8;
19.09.2015;1,6;3,467;16,9;
20.09.2015;0,1;7,283;16,7;
21.09.2015;1;0,367;14,4;
22.09.2015;1,3;0,45;15,6;
23.09.2015;0;0,6;15,4;
24.09.2015;2,4;5,1;17;
25.09.2015;0;4,9;16,7;
26.09.2015;0;8,05;17,1;
27.09.2015;0;9,983;16,6;
28.09.2015;0;8,217;16;
29.09.2015;0;9,383;17,1;
30.09.2015;0;11,117;16,5;
01.10.2015;0;9,783;16,7;
02.10.2015;0,1;7,817;18,3;
03.10.2015;0;4,933;16,2;
04.10.2015;0;2,417;18,4;
05.10.2015;0;6,317;18,2;
06.10.2015;3;0,033;15,7;
07.10.2015;12,4;0;14,3;
08.10.2015;1,1;0;12,2;
09.10.2015;0;0;12;
10.10.2015;0;6,633;10,8;
11.10.2015;0;8,7;11,1;
12.10.2015;0;8,167;9,2;
13.10.2015;3;0;8,8;
14.10.2015;1,4;0;9,7;
15.10.2015;1,4;0,017;12,1;
16.10.2015;7,3;0;10,2;
17.10.2015;7,9;0;11,3;
18.10.2015;3,5;0;11,7;
19.10.2015;0;0,567;10,7;
20.10.2015;0,1;1,267;11,6;
21.10.2015;0;0,467;12;
22.10.2015;0,9;0;13,1;
23.10.2015;0;6,683;14,8;
24.10.2015;0,6;0,067;13;
25.10.2015;0;6,65;13,8;
26.10.2015;0;7,45;12,9;
27.10.2015;0;7,25;12,4;
28.10.2015;0;6,517;12,6;
29.10.2015;0;4,733;12,4;
30.10.2015;0;0;12,7;
31.10.2015;0;4,85;13;
01.01.2015;0;3,367;13,1;
02.11.2015;0;0;10,3;
03.11.2015;0;0;6,5;
04.11.2015;0;5,183;10,9;
05.11.2015;9,7;1,017;14,3;
06.11.2015;9,6;0;14,4;
07.11.2015;3,5;0,083;17;
08.11.2015;5,9;4,5;14,4;
09.11.2015;4,8;0,583;14,5;
10.11.2015;0,5;0;15,3;
11.11.2015;1,4;0;14,8;
12.11.2015;0;4,25;14,4;
13.11.2015;7,2;2,8;13,1;
14.11.2015;4,9;1,083;10,1;
15.11.2015;11;0;9,3;
16.11.2015;8,1;0,017;13;
17.11.2015;14,3;0,067;13,9;
18.11.2015;13,6;1,833;13,9;
19.11.2015;5,6;0,667;11,1;
20.11.2015;10,2;0,183;8,7;
21.11.2015;8;0;6;
22.11.2015;6,7;0;5;
23.11.2015;0,9;4,583;4,6;
24.11.2015;3,1;0;4,2;
25.11.2015;0,1;0;6,1;
26.11.2015;0;5,567;7,2;
27.11.2015;0;0;5,9;
28.11.2015;7,2;2,9;7,5;
29.11.2015;18,2;0;10,2;
30.11.2015;3,1;0,183;6,8;
01.12.2015;2,8;0,767;8,1;
02.12.2015;0;0;10,6;
03.12.2015;1,6;0;10,2;
04.12.2015;0,9;1,433;9,9;
05.12.2015;0,4;0;9,9;
06.12.2015;0,3;0,083;12,1;
07.12.2015;0,4;1,033;9,9;
08.12.2015;2,7;4,55;12,4;
09.12.2015;0;3,983;10,1;
10.12.2015;3,2;0;7,8;
11.12.2015;8,5;1;7,1;
12.12.2015;16,5;2,15;7,6;
13.12.2015;0;4,35;6,8;
14.12.2015;0,1;0;4,5;
15.12.2015;0,2;0;5,9;
16.12.2015;2,3;0;10,3;
17.12.2015;1,1;0;12,5;
18.12.2015;0,3;0;12,2;
19.12.2015;0;0,5;12,8;
20.12.2015;0,1;0;12,9;
21.12.2015;4,6;0,217;11,6;
22.12.2015;3,8;0;13,4;
23.12.2015;3;0,233;12,9;
24.12.2015;1;2,517;12,2;
25.12.2015;10,4;3,483;8,8;
26.12.2015;9,2;0;13,7;
27.12.2015;0;0;12,3;
28.12.2015;0;0;7,3;
29.12.2015;0;0,617;6;
30.12.2015;0;0;6;
31.12.2015;1,8;0;5,9;
01.01.2016;0;0,017;5,4;
02.01.2016;0;0;4,2;
03.01.2016;0;0;-4,8;
04.01.2016;0;1,117;-5,1;
05.01.2016;0;2,667;-2,3;
06.01.2016;0;4,767;-2;
07.01.2016;5,7;0,233;-2,1;
08.01.2016;3,6;0;3,1;
09.01.2016;0;1,75;4,6;
10.01.2016;5,4;0;3,7;
11.01.2016;0,5;0,35;3,8;
12.01.2016;5,3;0;5,1;
13.01.2016;0,7;0;4,2;
14.01.2016;0,5;0;3;
15.01.2016;0;0,017;2,6;
16.01.2016;0,1;0;0,9;
17.01.2016;0;2,667;0,3;
18.01.2016;0;1,667;-0,2;
19.01.2016;0,5;0;-1;
20.01.2016;0;0,75;-0,4;
21.01.2016;0;2,483;-3,2;
22.01.2016;3,1;4,85;-1,5;
23.01.2016;0;0;4,9;
24.01.2016;2;0,067;7,3;
25.01.2016;0;0;9,9;
26.01.2016;5;0,633;10,4;
27.01.2016;6,6;0;11,2;
28.01.2016;0,2;3,233;9,4;
29.01.2016;13,5;0;9,9;
30.01.2016;13,9;0,233;9,2;
31.01.2016;14,9;0,133;5,4;
01.02.2016;4,4;0;10,6;
02.02.2016;3,8;0;9,3;
03.02.2016;2,8;0,5;6,7;
04.02.2016;1,1;2,267;6,3;
05.02.2016;2;0;7,7;
06.02.2016;0;0,117;10,1;
07.02.2016;0,8;0,667;11,7;
08.02.2016;19,1;0,717;10,4;
09.02.2016;19,5;2,35;7,5;
10.02.2016;0,6;0,05;4,6;
11.02.2016;3,8;0,4;6,5;
12.02.2016;1,8;0,183;4,5;
13.02.2016;0;0,417;3,1;
14.02.2016;1,6;0;3,4;
15.02.2016;0;0;2,6;
16.02.2016;0;7,767;4,7;
17.02.2016;0,2;6,767;3,1;
18.02.2016;0;2,483;3,6;
19.02.2016;1;0,967;5,8;
20.02.2016;8,8;0;7,2;
21.02.2016;8,8;0;9,7;
22.02.2016;0,5;0,883;6,8;
23.02.2016;1,5;5,967;8;
24.02.2016;0,2;6,117;6,4;
25.02.2016;2,8;2,617;5;
26.02.2016;0;3,45;5,8;
27.02.2016;0;1,783;3;
28.02.2016;0;6,15;5,4;
29.02.2016;0;1,05;3,4;
01.03.2016;2,3;1,983;3,1;
02.03.2016;8;0;6,7;
03.03.2016;0,5;0,117;6,6;
04.03.2016;2,7;2,517;5,4;
05.03.2016;3,4;0;4,4;
06.03.2016;0;1,183;6,4;
07.03.2016;0;2,55;7,2;
08.03.2016;0;3,333;6,3;
09.03.2016;0;8,967;8,3;
10.03.2016;0;0,283;4,9;
11.03.2016;0;0,033;4,3;
12.03.2016;0;0,1;3,7;
13.03.2016;0;0;1,6;
14.03.2016;0;0;5,6;
15.03.2016;0;3,517;7,4;
16.03.2016;0;9,1;8;
17.03.2016;0;11,35;11,4;
18.03.2016;0;0;6,5;
19.03.2016;0;3,067;7,9;
20.03.2016;0;2,983;10,3;
21.03.2016;0,1;0,267;9,8;
22.03.2016;0;0,433;9,9;
23.03.2016;0;9,133;10,6;
24.03.2016;1,2;4,083;10,6;
25.03.2016;0,7;0;8,7;
26.03.2016;0;6,917;13;
27.03.2016;2,9;0,933;11,2;
28.03.2016;2,1;5,067;14;
29.03.2016;1,5;5,383;11,4;
30.03.2016;2,5;3,383;10,2;
31.03.2016;0;6,017;10,1;
01.04.2016;0;11,917;11,6;
02.04.2016;0;7,633;15,2;
03.04.2016;0,2;1,5;18,4;
04.04.2016;3;2,667;21,1;
05.04.2016;4,8;0;11,4;
06.04.2016;1,6;1,217;13,3;
07.04.2016;3,2;5,033;10,1;
08.04.2016;5,5;3,3;10,6;
09.04.2016;0;5,967;11,6;
10.04.2016;0;4,75;12,3;
11.04.2016;2,2;9,9;11,8;
12.04.2016;0,7;3,05;10,1;
13.04.2016;0;3,45;11,1;
14.04.2016;0;3,917;11,1;
15.04.2016;0,1;0,933;11,8;
16.04.2016;1,1;3,933;14,9;
17.04.2016;0,1;10,117;11,7;
18.04.2016;0,5;0,517;10,4;
19.04.2016;0,1;5,267;11,4;
20.04.2016;0;11,767;12;
21.04.2016;0;10,867;13,2;
22.04.2016;0;9,133;12,6;
23.04.2016;0,1;9,233;11,1;
24.04.2016;0;8,7;7,3;
25.04.2016;8,8;1,217;6,8;
26.04.2016;19,1;0,45;5,1;
27.04.2016;4,5;0,25;6,7;
28.04.2016;1,3;5,333;9,9;
29.04.2016;4,9;4,9;11,9;
30.04.2016;2,4;0,233;9;
01.05.2016;0;13,717;12,3;
02.05.2016;0;12,683;20,1;
03.05.2016;0,7;4,217;13,5;
04.05.2016;0;13,133;13,8;
05.05.2016;0;14,65;16,2;
06.05.2016;0;13,85;20,7;
07.05.2016;0;14,8;23,9;
08.05.2016;0;14,783;22,9;
09.05.2016;0;14,567;20,8;
10.05.2016;0;14,633;22;
11.05.2016;0;13,85;22,1;
12.05.2016;0;13,15;16,9;
13.05.2016;6,9;13,183;21,1;
14.05.2016;3,5;2,483;12,6;
15.05.2016;1,7;4,183;12,4;
16.05.2016;0;9,983;12,7;
17.05.2016;0;0,233;11,9;
18.05.2016;0;6,483;18,4;
19.05.2016;0;8,683;20,6;
20.05.2016;2,2;0,633;16,9;
21.05.2016;0;3,267;22,2;
22.05.2016;6,7;9,417;27,2;
23.05.2016;1,2;0,433;17,2;
24.05.2016;0,5;0,467;14,8;
25.05.2016;0;1,817;19,3;
26.05.2016;2,6;0;14,8;
27.05.2016;0;6,783;17,7;
28.05.2016;0;9,95;20;
29.05.2016;0;1,65;18,9;
30.05.2016;0;10,783;21,8;
31.05.2016;1,2;12,417;21,8;
01.06.2016;0;8,15;23,9;
02.06.2016;0;9,65;23,1;
03.06.2016;0;13,933;24,6;
04.06.2016;0;14,733;25,8;
05.06.2016;0;15,683;26,8;
06.06.2016;0;15,817;24,1;
07.06.2016;0;14,55;27,6;
08.06.2016;0;5,617;20,9;
09.06.2016;0;14,217;22,8;
10.06.2016;0;8,983;20,8;
11.06.2016;1,6;11,5;18,8;
12.06.2016;2,3;0;15,4;
13.06.2016;6;0,333;17;
14.06.2016;8,7;0,383;18,1;
15.06.2016;20;1,65;20,3;
16.06.2016;4,4;5,367;20,1;
17.06.2016;0;4;19,5;
18.06.2016;0;9,25;19,3;
19.06.2016;0;0,95;16,8;
20.06.2016;11,4;8,717;22,1;
21.06.2016;0;7,983;21,9;
22.06.2016;0,3;6,55;24,3;
23.06.2016;5,3;7,55;29,9;
24.06.2016;2,1;3,683;26,2;
25.06.2016;23,7;0;19,3;
26.06.2016;0;9,167;21,1;
27.06.2016;2,9;6,65;20,9;
28.06.2016;2,8;8,817;20,6;
29.06.2016;0,7;4,367;20,6;
30.06.2016;1,4;1,267;20,5;
01.07.2016;12,3;0,817;21,1;
02.07.2016;2,6;3,383;17,8;
03.07.2016;1,4;10,9;19;
04.07.2016;2,9;4,983;20,4;
05.07.2016;12,7;3,45;20,9;
06.07.2016;0;8,217;18,5;
08.07.2016;0;7,4;19,4;
09.07.2016;3,8;5,567;21,7;
10.07.2016;0,1;4,633;21,2;
11.07.2016;4,3;3,367;26,4;
12.07.2016;0;4,417;21,8;
13.07.2016;6,8;8,567;21,2;
14.07.2016;6,6;4,8;19,3;
15.07.2016;1,1;5,367;18,2;
16.07.2016;0,8;1,45;18,7;
17.07.2016;0,3;1,65;19,2;
18.07.2016;1,5;2,967;19,5;
19.07.2016;0;2,167;21,1;
20.07.2016;0;4,05;25,2;
21.07.2016;0,3;15,283;27,2;
22.07.2016;0;8,467;29,1;
23.07.2016;2,6;9,183;28,1;
24.07.2016;0;8,65;26,8;
25.07.2016;0;12,55;26,5;
26.07.2016;2,4;4,583;27,4;
27.07.2016;0;11,667;23,3;
28.07.2016;4,9;3,833;23;
29.07.2016;0;10,917;23,7;
30.07.2016;4;3,083;23,6;
31.07.2016;13,8;5,117;21,5;
01.08.2016;1,8;3,1;19,6;
02.08.2016;0;6,4;20,5;
03.08.2016;0,2;7,683;22,1;
04.08.2016;4,5;0,033;20,9;
05.08.2016;1,7;5,433;22,6;
06.08.2016;0;6,517;22,2;
07.08.2016;3,3;6,667;20;
08.08.2016;0,2;3,733;23,6;
09.08.2016;0,3;3,817;20,7;
10.08.2016;0,8;4,817;16,9;
11.08.2016;1,5;10,05;16,8;
12.08.2016;1,5;2,883;15,2;
13.08.2016;0,3;0,25;19,6;
16.08.2016;0,4;1,35;19,9;
17.08.2016;0,7;5,9;20,4;
18.08.2016;0;6,2;21;
19.08.2016;0;13,183;21,5;
20.08.2016;0;13,183;20,8;
21.08.2016;0;5,85;19,9;
22.08.2016;0,5;8,267;22,2;
23.08.2016;10,2;3,267;22,2;
24.08.2016;1,5;7,85;22,1;
25.08.2016;7,7;0,85;21,2;
26.08.2016;0;4,8;23,7;
27.08.2016;0;13,417;27,5;
28.08.2016;0;13,6;30,5;
29.08.2016;0;12,85;30,3;
30.08.2016;14,7;12,3;21,3;
31.08.2016;3,8;4,917;25,5;
01.09.2016;0;7,083;20,1;
02.09.2016;0;11,5;21,9;
03.09.2016;0;12,317;24,7;
04.09.2016;1,5;8,483;22,7;
05.09.2016;0,9;5,083;20,5;
06.09.2016;16,5;2,933;21,4;
07.09.2016;7,3;0,633;21,5;
08.09.2016;0,1;10,267;19,9;
09.09.2016;0;11,117;23,1;
10.09.2016;0;11,283;25,3;
11.09.2016;0;12,3;27,4;
12.09.2016;0;8,483;23,3;
13.09.2016;0,1;10,8;25,6;
14.09.2016;0;5,1;21,7;
15.09.2016;0;11,783;27,3;
16.09.2016;0;11,733;29,9;
17.09.2016;0;11,117;27,1;
18.09.2016;0;11,967;24,9;
19.09.2016;2,6;6,4;24,3;
20.09.2016;0;3,9;19,7;
21.09.2016;0;2,6;18;
22.09.2016;0;2,083;19;
23.09.2016;0;5,883;18,8;
24.09.2016;0;6,55;19,9;
25.09.2016;0;5,85;20,2;
26.09.2016;0,1;4,95;20;
27.09.2016;0;10,267;20;
28.09.2016;0,2;10,85;23,1;
29.09.2016;0,1;3,85;19,5;
30.09.2016;0;9,267;21,6;
01.10.2016;0;4,1;20,3;
02.10.2016;6,3;0;18,6;
03.10.2016;5,6;3,733;15,7;
04.10.2016;0,1;5,067;17,6;
05.10.2016;0;5,517;17,5;
06.10.2016;3,7;0,4;15,2;
07.10.2016;0;6,133;14,3;
08.10.2016;0;6,85;13;
09.10.2016;0;0;12,5;
10.10.2016;0;0;11,8;
11.10.2016;4,7;4,2;12,8;
12.10.2016;8,4;0,383;10,1;
13.10.2016;12,4;0,933;12,4;
14.10.2016;3,7;0;11;
15.10.2016;6,2;0,05;10,5;
16.10.2016;0;1,583;11,7;
17.10.2016;0;0,883;9,9;
18.10.2016;0,7;0;9,4;
19.10.2016;0;0;12;
20.10.2016;1;0;10,3;
21.10.2016;2,5;0,85;14,6;
22.10.2016;7,4;0,383;10;
23.10.2016;5,6;0,383;10,7;
24.10.2016;9,4;1,3;11,8;
25.10.2016;8,3;0;9;
26.10.2016;0;0;9;
27.10.2016;0;2,567;10,8;
28.10.2016;0;2,067;10,2;
29.10.2016;1,2;1,133;8,5;
30.10.2016;0;1,183;14,8;
31.10.2016;1,6;1,017;14,5;
01.11.2016;0;3,067;12,3;
02.11.2016;0,1;5,783;12,1;
03.11.2016;2,2;0;12,7;
04.11.2016;0,5;0,517;11,8;
05.11.2016;0;4,2;8,4;
06.11.2016;3,5;4,083;7,2;
07.11.2016;0,6;0,15;8,5;
08.11.2016;3,7;0;6,3;
09.11.2016;0,9;0,117;7,5;
10.11.2016;0;0;4,6;
11.11.2016;0;0;2;
12.11.2016;0;6,15;2,3;
13.11.2016;1;0,017;4,3;
14.11.2016;0,1;3,617;6,4;
15.11.2016;0;4,533;3,6;
16.11.2016;0;2,3;2,4;
17.11.2016;3,3;3,183;2,9;
18.11.2016;0,2;0;10,5;
19.11.2016;7,4;0;10,5;
20.11.2016;3,9;1,767;9,7;
21.11.2016;0,4;1,583;8,9;
22.11.2016;0;1,467;7,4;
23.11.2016;2,9;1,017;12,2;
24.11.2016;0,4;0;12,6;
25.11.2016;0;0,033;13,6;
26.11.2016;0;0,033;11,2;
27.11.2016;0;5,017;6,9;
28.11.2016;0;0;5,5;
29.11.2016;0,1;0,033;9;
30.11.2016;0;5,517;7;
01.12.2016;0;4,95;4,1;
02.12.2016;0,5;4,383;4,3;
03.12.2016;2,7;0;8;
04.12.2016;0,1;0,133;9;
05.12.2016;0;5,1;7,3;
06.12.2016;0;2,683;1,3;
07.12.2016;0;0;4,8;
08.12.2016;0;0,4;5,5;
09.12.2016;1;0;6,9;
10.12.2016;0,5;0;8,5;
11.12.2016;1,1;0;9,1;
12.12.2016;0,8;0;10,1;
13.12.2016;10,7;0;10,3;
14.12.2016;2,5;0,167;8,9;
15.12.2016;0,4;0,35;8;
16.12.2016;1,6;0;6,8;
17.12.2016;0;0;6;
18.12.2016;0;0;1,7;
19.12.2016;0;0;1,2;
20.12.2016;1,4;0;6,3;
21.12.2016;0;0;7,7;
22.12.2016;0;0;5,9;
23.12.2016;0;0;4,4;
24.12.2016;0,4;1,617;5,9;
27.12.2016;0,9;0;6;
28.12.2016;2,7;0;7,3;
29.12.2016;12,4;0,033;7,3;
30.12.2016;3,5;0;11,1;
31.12.2016;2,8;1,55;11,1;
02.01.2017;0;1,017;8,8;
03.01.2017;0;3,783;8,1;
04.01.2017;0;4,417;5,7;
05.01.2017;0;2,8;2,9;
06.01.2017;0,1;0;5,7;
07.01.2017;3,7;0;5,9;
08.01.2017;1,7;4,5;4;
09.01.2017;8,6;0;7,9;
10.01.2017;0;2,333;5,6;
11.01.2017;0;1,85;0,9;
12.01.2017;0;5;-3;
13.01.2017;0,4;0;3,6;
14.01.2017;0;0;3,4;
15.01.2017;0,1;0;3;
16.01.2017;0;0;3,1;
17.01.2017;11,2;0,117;7,1;
18.01.2017;4,6;2,067;5,9;
19.01.2017;1,3;3,367;3,7;
20.01.2017;0;3,567;2,9;
21.01.2017;0;1,433;2,1;
22.01.2017;0;5,533;2;
23.01.2017;0;1,85;1,6;
24.01.2017;0;0;0,9;
25.01.2017;0;0;2,1;
26.01.2017;0;0;4,2;
27.01.2017;0;0,183;6,6;
28.01.2017;0;0;3,9;
29.01.2017;0;0,367;1,9;
30.01.2017;0;0;2,4;
31.01.2017;0;0;-0,3;
01.02.2017;0;0,833;1,8;
02.02.2017;0;7,05;3,5;
03.02.2017;0,7;5,933;4,6;
04.02.2017;1,7;0;4,8;
05.02.2017;4,9;0;3,2;
06.02.2017;0;0,1;3,8;
07.02.2017;0;0;1,9;
08.02.2017;0,5;0;3,5;
09.02.2017;1,1;0;2,5;
10.02.2017;0,1;0,167;6,7;
11.02.2017;1,1;0;4,7;
12.02.2017;0;0,233;3,2;
13.02.2017;0,6;0;1,8;
14.02.2017;0;0;-0,6;
15.02.2017;0;0,033;-1,5;
16.02.2017;0;0,233;-0,5;
17.02.2017;0;0;0,7;
18.02.2017;0;0;0,8;
19.02.2017;0;7,1;1;
20.02.2017;0;5,167;2;
21.02.2017;0;7,65;9,6;
22.02.2017;2,1;1,633;6,9;
23.02.2017;0,3;0,333;7,6;
24.02.2017;0,2;0;5;
25.02.2017;1,2;0;6,1;
26.02.2017;2,1;0;8,3;
27.02.2017;14,9;3,383;8,9;
28.02.2017;2,3;0,867;8,9;
01.03.2017;17,3;0;7,5;
02.03.2017;0,3;5,967;6,4;
03.03.2017;6,9;0;5,6;
04.03.2017;3,2;0;8,7;
05.03.2017;0,3;0;11,1;
06.03.2017;4;2,133;9,5;
07.03.2017;1,3;1,3;6,4;
08.03.2017;1,4;2,933;8,2;
09.03.2017;0,2;6,9;10,1;
10.03.2017;0,2;0,783;10,7;
11.03.2017;2,4;0,183;9,1;
12.03.2017;0;0;4,4;
13.03.2017;0;0;2;
14.03.2017;0,3;0,533;6,9;
15.03.2017;3;0,383;9,2;
16.03.2017;0;5,25;10,3;
17.03.2017;0;5,95;9,7;
18.03.2017;0;2,267;8;
19.03.2017;0;1,217;8,6;
20.03.2017;0,2;2,083;12,3;
21.03.2017;0;9,55;11,1;
22.03.2017;0;3,667;14,5;
23.03.2017;12,3;1,783;10;
24.03.2017;0,5;4,567;8,5;
25.03.2017;14,9;0;8,1;
26.03.2017;12;0,167;11,1;
27.03.2017;0;6,217;10,8;
28.03.2017;0;11,617;12,3;
29.03.2017;0;5,233;9,9;
30.03.2017;0;11,483;12,5;
31.03.2017;0;7,833;11,8;
01.04.2017;0;6,467;11,1;
02.04.2017;0;9,65;15,2;
03.04.2017;0,5;11,817;16,8;
04.04.2017;0,4;0,017;10,6;
05.04.2017;0;1,833;18,5;
06.04.2017;0,3;8,017;21,9;
07.04.2017;0,9;7,683;17,3;
08.04.2017;0;6,783;16;
09.04.2017;0;11,417;11,6;
10.04.2017;0;10,783;14,8;
11.04.2017;0;3,9;11,8;
12.04.2017;0;7,25;11,9;
13.04.2017;0;4,3;13;
15.04.2017;0;0,033;11,7;
16.04.2017;0;13,017;18,4;
17.04.2017;0;1,1;12,6;
18.04.2017;4,8;4,1;10,5;
19.04.2017;7,8;0;9;
20.04.2017;1;4,6;11,1;
21.04.2017;12,2;0,633;10,7;
22.04.2017;3,5;4,2;10;
23.04.2017;1,4;2,783;8,1;
24.04.2017;7,3;6,633;8,3;
25.04.2017;0,6;9,267;6,6;
26.04.2017;0;11,95;7,6;
27.04.2017;0;5,117;9,1;
28.04.2017;0,6;0,1;13,7;
29.04.2017;0,3;8,183;9,9;
30.04.2017;0;8,033;9,9;
02.05.2017;1,4;0,583;10,4;
03.05.2017;1,6;5,767;8,4;
04.05.2017;0,2;7,667;9,7;
05.05.2017;0,6;7,45;10,2;
06.05.2017;0,7;0,867;10,6;
07.05.2017;1,9;7,683;9;
08.05.2017;0;13,65;13,2;
09.05.2017;0;11,5;12,6;
10.05.2017;2,6;9,65;12,4;
11.05.2017;0;8,65;12,5;
12.05.2017;1,2;1,867;11,7;
13.05.2017;0,8;0;9;
14.05.2017;0;1,517;11,7;
15.05.2017;0;12,517;18,4;
16.05.2017;0;10,15;11,1;
17.05.2017;0,4;8,4;11,9;
18.05.2017;0,5;1,417;10,9;
19.05.2017;0;13,75;14,6;
20.05.2017;1,6;3,6;15;
21.05.2017;2,8;2,2;20,2;
22.05.2017;3,9;10,317;20,7;
23.05.2017;2;8,667;19;
24.05.2017;8,2;0,017;16;
25.05.2017;0;6,917;25,1;
26.05.2017;0,9;10,017;26,3;
27.05.2017;10;3,3;19,7;
28.05.2017;0;8,117;17,7;
29.05.2017;0;14,567;20,5;
30.05.2017;0;14,6;18,8;
31.05.2017;0,5;9,65;24,8;
01.06.2017;0;11,283;18,2;
02.06.2017;0;13,65;21,5;
03.06.2017;0;12,483;22,5;
04.06.2017;0;16,117;26;
05.06.2017;0,1;12,233;25,2;
06.06.2017;6,3;4,633;22,1;
07.06.2017;0;3,4;22,9;
08.06.2017;0;10,3;17,3;
09.06.2017;0;15,5;19,5;
10.06.2017;0;15,483;21,6;
11.06.2017;1,8;0,833;19,5;
12.06.2017;1,8;6,8;19,4;
13.06.2017;0;15,183;21,7;
14.06.2017;2,6;10,483;24;
15.06.2017;11,7;1,867;15;
16.06.2017;4,9;1,533;16;
17.06.2017;2,2;4,617;23,2;
18.06.2017;0;5,75;21,7;
19.06.2017;2,1;10,533;26,7;
20.06.2017;0,3;2,867;17,9;
21.06.2017;0;5,717;18,1;
22.06.2017;0;8,667;20,5;
23.06.2017;0;9,517;24,3;
24.06.2017;0,2;8,533;18,9;
25.06.2017;0;13,633;21,6;
26.06.2017;0;11,333;26,2;
27.06.2017;0;12,417;26,7;
28.06.2017;0;12,617;22;
29.06.2017;0;10,85;21,3;
30.06.2017;12,7;4,8;25,1;
01.07.2017;1,6;0,367;19,4;
02.07.2017;2,3;3,15;19,4;
03.07.2017;0;1,75;18,6;
05.07.2017;0;10,167;18,9;
06.07.2017;1,4;11,233;17,9;
07.07.2017;2,6;4,767;20,6;
08.07.2017;31,8;1,283;19,9;
09.07.2017;37,7;0;15,5;
10.07.2017;1,1;4,067;21,3;
11.07.2017;0,5;3,483;19,2;
12.07.2017;0,6;6,417;21;
13.07.2017;0,5;5,6;18,8;
14.07.2017;0;12,083;21,1;
15.07.2017;0;15,383;20;
16.07.2017;0,2;5,683;22,5;
17.07.2017;0;8,517;22,5;
18.07.2017;0;16,067;20,6;
19.07.2017;3,7;1,95;20,1;
20.07.2017;5,2;2,95;22,1;
21.07.2017;4,8;2,4;17,5;
22.07.2017;0;6,917;18,3;
23.07.2017;0;8,817;22;
24.07.2017;0,1;4,833;21;
25.07.2017;1,2;1,367;19,3;
26.07.2017;0;5,167;20,2;
27.07.2017;0;9,333;20,2;
28.07.2017;12,3;13,017;23,7;
29.07.2017;5,4;0,883;23,7;
30.07.2017;0;12,95;22,2;
31.07.2017;4,3;0,117;19,6;
01.08.2017;2,8;4,25;21,2;
02.08.2017;1,3;3,583;19,5;
03.08.2017;18,1;0;17,3;
04.08.2017;0;9,75;22,4;
05.08.2017;0;0,467;20,7;
06.08.2017;6,2;7,8;21,7;
07.08.2017;31,1;4,583;22,2;
08.08.2017;1;5,667;26,4;
09.08.2017;0;9,167;24,3;
10.08.2017;0;2,167;22,6;
11.08.2017;4,5;4,5;23,9;
12.08.2017;10;2,467;24,8;
13.08.2017;0;4,683;21,1;
14.08.2017;7,5;9,717;21,7;
15.08.2017;0;11,067;20,2;
16.08.2017;0;13,183;24,3;
17.08.2017;3,5;4,167;25,1;
18.08.2017;0;8,617;22,3;
19.08.2017;0;6,717;21,4;
20.08.2017;0;0;17,2;
21.08.2017;6,4;0,433;16,9;
22.08.2017;0;8,217;19,2;
23.08.2017;0,1;12,85;20;
24.08.2017;6,8;7,7;27,2;
25.08.2017;0;8,85;23,3;
26.08.2017;5;3,183;23,3;
27.08.2017;3;0,117;20,6;
28.08.2017;6,2;7,417;19,3;
29.08.2017;3,4;5,983;18,5;
30.08.2017;0,1;2,183;18,6;
31.08.2017;0;7,65;19,1;
01.09.2017;0;11,45;21,1;
02.09.2017;2;5,5;21,8;
03.09.2017;0;8,75;21,6;
04.09.2017;0;5,567;20,6;
05.09.2017;0;8,95;21,5;
06.09.2017;0;9,583;22,7;
07.09.2017;0;12,25;26,5;
08.09.2017;2,3;0,683;21,8;
09.09.2017;0,3;0,967;17,7;
10.09.2017;0,1;5,733;19,1;
11.09.2017;0;8,083;17,7;
12.09.2017;0;9,35;19,5;
13.09.2017;0;12,333;19,7;
14.09.2017;5,7;7,383;23,7;
15.09.2017;11;0,95;21,8;
16.09.2017;1,5;5,533;18,9;
17.09.2017;7,7;0,033;16,4;
18.09.2017;6,3;1,883;16,9;
19.09.2017;0,5;8,767;19,4;
20.09.2017;0,1;6,583;19,3;
21.09.2017;4,9;4,933;18,2;
22.09.2017;11,4;0,883;15,8;
23.09.2017;3,2;1,5;14,2;
24.09.2017;0,8;5,433;16,3;
25.09.2017;0,2;0,067;13,3;
26.09.2017;6,5;2,683;17,9;
27.09.2017;0;8,383;16,9;
28.09.2017;3,4;3,517;16,8;
29.09.2017;3,9;1,15;15,9;
30.09.2017;0;3,767;19,4;
01.10.2017;0;8,333;16,7;
02.10.2017;0,4;10,433;16,7;
03.10.2017;0,6;0,833;16,8;
04.10.2017;0,2;1,367;17,1;
05.10.2017;0;0,233;16,9;
06.10.2017;0,1;2,083;17,7;
07.10.2017;4,7;1,183;16,2;
08.10.2017;0;6,8;20,7;
09.10.2017;3,2;0;16,5;
10.10.2017;3,4;6,45;18;
11.10.2017;11,9;1,45;17,7;
12.10.2017;1,6;6,75;16,7;
13.10.2017;22,6;0;12,4;
14.10.2017;36,5;1,617;11,9;
15.10.2017;0;7,317;15,2;
16.10.2017;6,5;0;12,8;
17.10.2017;0;8,717;13,2;
18.10.2017;3,8;2,817;14,2;
19.10.2017;3,8;0,617;15,4;
20.10.2017;4,1;0,317;15,5;
21.10.2017;1,3;2,033;14,2;
22.10.2017;0;2,183;16,4;
24.10.2017;0,5;0;16,4;
25.10.2017;0;4,567;20,2;
26.10.2017;0;3,25;20,1;
27.10.2017;0;0,717;17;
28.10.2017;0;4,233;16;
29.10.2017;0;2,117;16,2;
30.10.2017;4,3;0;15,3;
01.11.2017;0,3;0;13,7;
02.11.2017;3,1;1,733;12,5;
03.11.2017;3,3;0,233;13,2;
04.11.2017;3,4;0;15,5;
05.11.2017;2;0,583;15,5;
06.11.2017;0;2,483;14,7;
07.11.2017;0;4,383;13,2;
08.11.2017;7,3;0;12,3;
09.11.2017;0;6,467;10,9;
10.11.2017;0;7,4;9,8;
11.11.2017;5;0,033;9,9;
12.11.2017;4,5;0;13,5;
13.11.2017;0;3,4;13,3;
14.11.2017;0,5;0,417;10,9;
15.11.2017;0,4;1,333;11,7;
16.11.2017;1,5;0;11,9;
17.11.2017;0;4,467;10;
18.11.2017;0;5,767;8,8;
19.11.2017;0;2,183;9,5;
20.11.2017;1,5;0,467;9,9;
21.11.2017;12,8;0,233;8,5;
22.11.2017;4;1,183;6,4;
23.11.2017;0,6;0;6,2;
24.11.2017;0,1;5,083;7,8;
25.11.2017;0,6;0;7,6;
26.11.2017;0,5;1,033;11,1;
27.11.2017;2,4;0;9,4;
28.11.2017;0,3;4,75;9,3;
29.11.2017;13,9;1,333;6,3;
30.11.2017;1,1;3,1;7,5;
01.12.2017;0;1,5;7,2;
02.12.2017;8,1;0;5,7;
03.12.2017;2,9;0;10,8;
04.12.2017;3,1;0,65;13,8;
05.12.2017;0,4;0;7,7;
06.12.2017;0,4;0,017;3,3;
07.12.2017;5,7;0,05;5,3;
08.12.2017;12;0;6,3;
09.12.2017;9,3;0,45;6,6;
10.12.2017;6,7;0;5,2;
11.12.2017;0;0,017;3,2;
12.12.2017;0,8;0,733;5,2;
13.12.2017;2,5;0;1,1;
14.12.2017;1,6;0,067;6,6;
15.12.2017;0,6;4,3;7,4;
16.12.2017;0,1;0,7;9,3;
17.12.2017;0;0;9,3;
18.12.2017;8,1;0;8,6;
19.12.2017;10,7;0;6,1;
20.12.2017;6;1,867;4,7;
21.12.2017;0,3;0;1,2;
22.12.2017;10,4;0;2,7;
23.12.2017;0,7;0;2,1;
24.12.2017;10,4;0;3,3;
27.12.2017;2;0,567;3,9;
28.12.2017;0;0;3,5;
29.12.2017;0;3,95;4,6;
30.12.2017;0;3,817;1,9;
31.12.2017;0,1;3,45;3,4;
02.01.2018;2,2;0,333;7,1;
03.01.2018;0,1;0;7,3;
04.01.2018;0;0;7,3;
05.01.2018;0;0,217;7;
06.01.2018;1,1;0;8,4;
07.01.2018;4;0;9,2;
08.01.2018;0,2;0;9,2;
09.01.2018;0,2;0,2;6,9;
10.01.2018;0,2;0;5,1;
11.01.2018;1,4;2,083;5,2;
12.01.2018;2,1;2,233;3,6;
13.01.2018;2,4;0;5,6;
14.01.2018;14,5;0;11,5;
15.01.2018;0,9;0,383;8,5;
16.01.2018;11,6;0,667;6,6;
17.01.2018;9,2;0,233;7,7;
18.01.2018;7,6;1,417;6,3;
19.01.2018;5,4;0,383;6,6;
20.01.2018;0,2;0;5,3;
21.01.2018;0;5,117;2,1;
22.01.2018;0;5,133;2,1;
23.01.2018;0;1,467;3,7;
24.01.2018;0;0,6;5,1;
25.01.2018;4,9;0;4,3;
26.01.2018;0,2;0;2,9;
27.01.2018;0;0;1,6;
28.01.2018;0;4,717;0,8;
29.01.2018;5,4;0,1;3,3;
30.01.2018;6;0,417;5,3;
31.01.2018;2,6;1,317;2,8;
01.02.2018;6,1;0;2,5;
02.02.2018;1,6;1,967;3,3;
03.02.2018;1,2;0;2,1;
04.02.2018;0;1,15;1,5;
05.02.2018;0,2;0;1,1;
06.02.2018;2,8;0,017;7,9;
07.02.2018;3,7;0;13,1;
08.02.2018;0;0;8,3;
09.02.2018;0;0,9;7,2;
10.02.2018;4,7;0;6,1;
11.02.2018;2,3;2,483;8,5;
12.02.2018;11;0;9,8;
13.02.2018;0;3,017;6,6;
14.02.2018;7,2;0;8;
15.02.2018;3,4;0,083;4;
16.02.2018;1,2;0;4,2;
17.02.2018;2,7;0;0,5;
18.02.2018;0,6;0;1,5;
19.02.2018;0;0,4;0,7;
20.02.2018;0;5,583;0,9;
21.02.2018;0;6,917;0,8;
22.02.2018;0;6,683;1,4;
23.02.2018;0;6,617;0,9;
24.02.2018;0;6;2,6;
25.02.2018;4,9;0,183;4;
26.02.2018;6,2;1,333;3,6;
27.02.2018;0;7,35;4,4;
28.02.2018;0;7,65;4,4;
01.03.2018;1,1;0;2,4;
02.03.2018;0,1;3,967;5,9;
03.03.2018;0;0;4,9;
04.03.2018;0;3,817;5,6;
05.03.2018;0;4,083;6,7;
06.03.2018;0;6,85;4,4;
07.03.2018;1,1;1,45;3,6;
08.03.2018;0,3;0,5;2,4;
09.03.2018;0;8,383;1,3;
10.03.2018;0,9;2,667;1,5;
11.03.2018;0;0,3;-1,8;
12.03.2018;0;5,25;-0,3;
13.03.2018;0,2;1,433;-2,1;
14.03.2018;0;6,017;-4,4;
15.03.2018;0,3;4,2;-2,9;
16.03.2018;0,5;2,017;-3,9;
17.03.2018;0;9,217;-2,4;
18.03.2018;2,2;4,117;0,9;
19.03.2018;0;2,917;10,1;
20.03.2018;0;8,35;7,9;
21.03.2018;6,6;0;2;
22.03.2018;5,5;1,867;7,6;
23.03.2018;0,3;1,2;5,5;
24.03.2018;6,7;0;4,1;
25.03.2018;0,6;2,617;13,8;
26.03.2018;7,1;0;9,1;
27.03.2018;0,3;0;8,6;
28.03.2018;0;0;4,1;
29.03.2018;0;0,633;3;
31.03.2018;0,4;0,35;1;
01.04.2018;0;3,533;-1,3;
02.04.2018;0;9,85;0,2;
03.04.2018;0;11,267;4,1;
04.04.2018;0;11,483;5,5;
05.04.2018;2,3;0,133;6,2;
06.04.2018;0,2;0;7;
07.04.2018;0,1;0,367;6,5;
08.04.2018;0;0;8,4;
09.04.2018;0;0;8,3;
10.04.2018;0;0,533;6,7;
11.04.2018;0;1,467;7,2;
12.04.2018;8,7;0;4,6;
13.04.2018;0,8;0;1,1;
14.04.2018;0;12,25;4,6;
15.04.2018;3,1;0;2,7;
16.04.2018;1,2;2,85;5,6;
17.04.2018;5,6;8,333;7,6;
18.04.2018;2,1;1,1;13,6;
19.04.2018;5;4,667;16,4;
20.04.2018;0,2;0,867;11,6;
21.04.2018;0;10,417;12,1;
22.04.2018;0;9,483;17,1;
23.04.2018;0;11,8;23,3;
24.04.2018;0;6,833;16,9;
25.04.2018;0;1,05;8,6;
26.04.2018;0;0;5,9;
27.04.2018;0,2;6,033;9,3;
28.04.2018;11,1;0,267;9,9;
29.04.2018;2,6;0;8,3;
30.04.2018;2,6;0;10,4;
02.05.2018;13,3;5,233;17,3;
03.05.2018;0;11,533;17,1;
04.05.2018;0;13,2;22;
05.05.2018;0;13,367;25,3;
06.05.2018;0;13,367;26,9;
07.05.2018;0;12,417;17,6;
08.05.2018;5,6;9,75;16,6;
09.05.2018;0;8,633;15,8;
10.05.2018;10,3;4,367;13,8;
11.05.2018;9,5;1,517;12,8;
12.05.2018;0;5,583;13,4;
13.05.2018;0,8;7,083;14,7;
14.05.2018;1,3;4,883;17,7;
15.05.2018;0;1,233;10,8;
16.05.2018;1,8;2,967;14,3;
17.05.2018;9,4;0;11,2;
18.05.2018;0;13,5;16,4;
19.05.2018;0;10,8;14,8;
20.05.2018;0;14,183;13,9;
22.05.2018;0;14,05;16,3;
23.05.2018;0;15,083;20,3;
24.05.2018;0;15,083;22,5;
25.05.2018;0;14,983;24,2;
26.05.2018;0;14,733;25,3;
27.05.2018;11,9;7,117;25,2;
28.05.2018;0;11,083;16;
29.05.2018;0;7,083;18,4;
30.05.2018;0;11,267;20,8;
31.05.2018;0;15,117;20,9;
01.06.2018;0;13,183;20,8;
02.06.2018;0;9,4;22,1;
03.06.2018;0;12;16,7;
04.06.2018;0;7,417;16,5;
05.06.2018;0;6,083;17;
06.06.2018;0;15,55;20,2;
07.06.2018;0;14,933;19,8;
08.06.2018;0;15,133;21,7;
09.06.2018;0;15,733;22;
10.06.2018;0;15,933;21,2;
11.06.2018;0;14,283;21;
12.06.2018;0;15,45;21,9;
13.06.2018;3;0,25;17,9;
14.06.2018;0,1;10,883;21,4;
15.06.2018;0;14,8;26,5;
16.06.2018;0;14,467;25,4;
17.06.2018;0;14,25;23,9;
18.06.2018;0;15;23,3;
19.06.2018;0;12,183;25,5;
20.06.2018;0;2,85;21,3;
21.06.2018;0;6,617;22,5;
22.06.2018;0;13,033;21,4;
23.06.2018;0;16,133;23,5;
24.06.2018;0;16,4;25,3;
25.06.2018;0;14,267;24,4;
26.06.2018;0;6,517;24,7;
27.06.2018;0,7;0,55;21,7;
28.06.2018;0;6,217;20,3;
29.06.2018;0;0,1;17;
30.06.2018;0;3,083;18,9;
01.07.2018;3,2;7,25;23,1;
02.07.2018;0,1;11,65;21,2;
03.07.2018;11,8;4,7;23,7;
04.07.2018;0,4;5,867;20,3;
05.07.2018;2,1;3,767;19,7;
06.07.2018;0,3;9,083;20,9;
07.07.2018;2;7,883;26;
08.07.2018;9;3,4;16,4;
09.07.2018;0;6,65;17,8;
10.07.2018;2,3;2,85;16,2;
11.07.2018;0;1,917;18,3;
12.07.2018;0;3,133;19,8;
13.07.2018;0;7,883;24,2;
14.07.2018;0;14,633;24,1;
15.07.2018;0;16,25;24,3;
16.07.2018;0;16,383;23,9;
17.07.2018;0;15,5;22,8;
18.07.2018;0;16,55;22,4;
19.07.2018;0;16,55;24,1;
20.07.2018;0;15,283;24,8;
21.07.2018;0;8,367;22,7;
22.07.2018;0;0;18,5;
23.07.2018;0;12,7;22,3;
24.07.2018;0;15,833;22,2;
25.07.2018;0;15,433;25,7;
26.07.2018;0;3,333;18,9;
27.07.2018;4,9;7,633;20,5;
28.07.2018;0;0,267;21,1;
29.07.2018;0;14,833;28;
30.07.2018;0;14,817;26,4;
31.07.2018;0;2,367;20;
01.08.2018;0;14,383;24,4;
02.08.2018;0;15,717;25,4;
03.08.2018;0;15,317;28,3;
04.08.2018;0;11,25;24,9;
05.08.2018;0;13,767;24,9;
06.08.2018;0;15,117;24,7;
07.08.2018;0,2;11,867;26,6;
08.08.2018;0;12,633;28,3;
09.08.2018;0;10,633;27,2;
10.08.2018;0;15,3;30,1;
11.08.2018;0;10,533;30,3;
12.08.2018;0;14,6;31,2;
13.08.2018;0;15,2;28,8;
14.08.2018;2,5;9,117;32;
15.08.2018;0;12,55;27,4;
16.08.2018;0;5,35;30,2;
17.08.2018;0,2;6,45;33,7;
18.08.2018;0;9,75;25,6;
19.08.2018;0;13,783;27,9;
20.08.2018;0;14,1;30,5;
21.08.2018;0;7,867;26,8;
22.08.2018;0;4,4;23,7;
23.08.2018;0;13;28,3;
24.08.2018;0;14,067;35,1;
25.08.2018;0;6,55;30,9;
26.08.2018;4,9;7,6;26,8;
27.08.2018;2,3;4,817;20;
28.08.2018;12,8;6,017;18;
29.08.2018;0,6;2,617;20,2;
30.08.2018;5,4;0;23,3;
31.08.2018;0,6;5,083;24,1;
01.09.2018;0;3,867;24;
02.09.2018;0;9,133;27,2;
03.09.2018;1,3;5,783;22,1;
04.09.2018;0;9,033;23,5;
05.09.2018;0,8;1,817;23,4;
06.09.2018;0,1;3,417;22,1;
07.09.2018;0;10,7;22;
08.09.2018;0;13,05;28,7;
09.09.2018;1,1;5,433;25,2;
10.09.2018;1,9;4,817;19,6;
11.09.2018;3,5;2,283;14,5;
12.09.2018;1,3;10,167;18,9;
13.09.2018;3,3;1,767;19,4;
14.09.2018;0,7;4,867;20,8;
15.09.2018;5,2;8,25;24,3;
16.09.2018;19,8;0;17,9;
17.09.2018;0;8,783;20,6;
18.09.2018;0;10,783;20,2;
19.09.2018;0,7;10,917;20,6;
20.09.2018;0;7,333;22,7;
21.09.2018;0;9,967;21,6;
22.09.2018;0;9,517;22,1;
23.09.2018;7,5;9,2;23,2;
24.09.2018;2;2,133;20,7;
25.09.2018;0,2;4;18,4;
26.09.2018;0,1;4,25;21;
27.09.2018;1,3;2,967;21,9;
28.09.2018;6,8;0;17,3;
29.09.2018;1;0,133;15,4;
30.09.2018;0;9;19;
01.10.2018;1,8;5,117;18,4;
02.10.2018;1,2;4;17,3;
03.10.2018;0;6,15;19,7;
04.10.2018;0;9,5;21,9;
05.10.2018;0;11,3;29,2;
06.10.2018;0;8;25,1;
07.10.2018;0;3,5;22,8;
08.10.2018;11,1;1,4;22,4;
09.10.2018;1,9;7,233;15,6;
10.10.2018;0,4;1,783;13,9;
11.10.2018;0,8;9,417;13,3;
12.10.2018;0;8,433;14,7;
13.10.2018;0,9;1,783;15,4;
14.10.2018;0,6;1,833;19;
15.10.2018;0;8,333;15,1;
16.10.2018;0;3,8;14,8;
17.10.2018;1;2,817;16,2;
18.10.2018;0,2;5,05;12,5;
19.10.2018;4,6;1,017;12,8;
20.10.2018;0,5;7,233;13,7;
21.10.2018;1,4;0;15,3;
22.10.2018;0;7,883;20,1;
23.10.2018;1;8,367;15,3;
24.10.2018;0;8,383;12,6;
25.10.2018;0;3,15;14,8;
26.10.2018;0;5,067;16,6;
27.10.2018;0;7,85;19,7;
28.10.2018;0;9,1;21,3;
29.10.2018;0;8,383;23,4;
30.10.2018;0;9,5;25,2;
01.11.2018;0;9,5;22,4;
02.11.2018;0;8,283;23,3;
03.11.2018;0;2,15;20,8;
04.11.2018;0;6,467;22,9;
05.11.2018;0,5;4,4;14;
06.11.2018;0;5,3;12,3;
07.11.2018;0;5,5;15,8;
08.11.2018;1,2;0,1;15,2;
09.11.2018;3,3;6,5;13,1;
10.11.2018;4,8;0;12,8;
11.11.2018;0,2;4,2;12,1;
12.11.2018;0,1;1,4;12,3;
13.11.2018;10,7;0;11,4;
14.11.2018;2,9;0,683;7,6;
15.11.2018;7,4;6,233;6,6;
16.11.2018;0,5;0;7,9;
17.11.2018;0,3;0,067;12,3;
18.11.2018;0;2,6;11,2;
19.11.2018;0;2,833;13,6;
20.11.2018;0,3;1,9;12;
21.11.2018;0;6,75;10,5;
22.11.2018;0;0,133;9,1;
23.11.2018;0;0;10,7;
24.11.2018;0;0,2;9,9;
25.11.2018;0;4,917;13,3;
26.11.2018;0;1,95;13;
27.11.2018;0,5;0,467;10,5;
28.11.2018;2,3;0,067;12,7;
29.11.2018;3,3;0,8;13,6;
30.11.2018;3,4;0;11;
01.12.2018;2;0,233;10,7;
02.12.2018;0;0;9,7;
03.12.2018;0;5,2;11,9;
04.12.2018;0;5,85;9,7;
05.12.2018;0;5,867;6,6;
06.12.2018;0;0;7,2;
07.12.2018;1,9;0,65;7,1;
08.12.2018;0;0,017;5,4;
09.12.2018;0;0,7;3,8;
10.12.2018;0;0;2,7;
11.12.2018;0;0;2,3;
12.12.2018;0;0;4,1;
13.12.2018;2;0,033;6;
14.12.2018;0;1,533;6,1;
15.12.2018;0;0;3,1;
16.12.2018;1,3;2,7;2,4;
17.12.2018;3,3;0;5,5;
18.12.2018;0;2,633;8,9;
19.12.2018;0,3;0,017;7,8;
20.12.2018;4,8;0;10,1;
21.12.2018;3,8;0;11,4;
22.12.2018;0,2;4,517;7,1;
23.12.2018;0;3,85;4,8;
24.12.2018;3,4;0;10,2;
27.12.2018;10,1;0;11;
28.12.2018;7,4;0;8,4;
29.12.2018;2,7;0,783;8,2;
30.12.2018;1,4;1,8;6;
31.12.2018;0;0,633;5,2;
02.01.2019;0,5;0,217;5;
03.01.2019;4,2;0;3,7;
04.01.2019;0,3;0;2,7;
05.01.2019;0;0,183;1,4;
06.01.2019;0;0,283;0,6;
07.01.2019;1,2;0;2,4;
08.01.2019;0,2;0;5,7;
09.01.2019;0,1;0;4,7;
10.01.2019;2,2;0;5,9;
11.01.2019;10,4;0;8;
12.01.2019;2;0;5,8;
13.01.2019;0,8;0;6,8;
14.01.2019;0,1;0,117;4,5;
15.01.2019;0;0;6,8;
16.01.2019;0;0;8,7;
17.01.2019;0;0;7,7;
18.01.2019;1,6;0,067;7,8;
19.01.2019;6,1;0;8,4;
20.01.2019;0;3,783;8,2;
21.01.2019;0,3;0;8,2;
22.01.2019;0,1;0,817;8,4;
23.01.2019;0;4,6;4,5;
24.01.2019;0,3;2,867;2,7;
25.01.2019;0,2;0;7,8;
26.01.2019;0,1;2,183;9;
27.01.2019;1;0;6,3;
28.01.2019;10,6;0;7,9;
29.01.2019;1,1;0,667;7,3;
30.01.2019;0;0;3,7;
31.01.2019;0,5;0,033;2,2;
01.02.2019;0,2;1,233;7,8;
02.02.2019;3,8;0;6,7;
03.02.2019;3;0;8,6;
04.02.2019;0,3;4,133;3,7;
05.02.2019;1,9;0;7,6;
06.02.2019;4,1;0;7,8;
07.02.2019;1,6;0,117;5,3;
08.02.2019;0;5,6;2,7;
09.02.2019;0;4,8;2,5;
10.02.2019;0;5,617;2,7;
11.02.2019;0,2;1,517;1,4;
12.02.2019;0;2,4;1,2;
13.02.2019;0;3,3;-2,2;
14.02.2019;0;0;-3,3;
15.02.2019;0,2;0;-2,8;
16.02.2019;4,7;0,333;4,8;
17.02.2019;6,5;0;5,4;
18.02.2019;0,2;0;3,2;
19.02.2019;0,3;1,217;2,6;
20.02.2019;0,1;3,133;2,7;
21.02.2019;0;0,133;2,3;
22.02.2019;0;0,083;0,5;
23.02.2019;0,1;0;2,2;
24.02.2019;0;4,45;3,5;
25.02.2019;1;0,333;3,7;
26.02.2019;0,8;0,033;5,3;
27.02.2019;7,9;0;4,5;
28.02.2019;3,9;0,683;7,6;
01.03.2019;4,9;0;8,3;
02.03.2019;2,8;0,433;8,5;
03.03.2019;13,9;0;7;
04.03.2019;0,2;5,833;7,3;
05.03.2019;0;4,25;7;
06.03.2019;0;0;8,1;
07.03.2019;0;4,783;9,4;
08.03.2019;0;7,683;14,3;
09.03.2019;0;7,6;11,9;
10.03.2019;0;4,517;13,1;
11.03.2019;0,8;8,7;14,2;
12.03.2019;1,9;0,083;7,6;
13.03.2019;0,4;0;8,2;
14.03.2019;0,8;0;8;
15.03.2019;0;4,417;6,8;
16.03.2019;0;4,5;6,6;
17.03.2019;0;9;13;
18.03.2019;0;7,75;12,7;
19.03.2019;0;8,083;14;
20.03.2019;0;10,1;15,8;
21.03.2019;0;4,2;9,4;
22.03.2019;0;1,1;6,6;
23.03.2019;0,8;0;6,8;
24.03.2019;8,7;1,5;10,3;
25.03.2019;7,9;0,6;12,6;
26.03.2019;0,7;4,2;8,4;
27.03.2019;4,3;0;9,2;
28.03.2019;7,2;1,633;12,1;
29.03.2019;4,3;4,133;8,5;
30.03.2019;5,6;0,833;7,9;
31.03.2019;0,3;4,083;8,5;
01.04.2019;1,9;4,067;5,9;
02.04.2019;6;0,45;6,4;
03.04.2019;8,7;0,05;6,6;
04.04.2019;5,4;0;6,3;
05.04.2019;3,9;0,283;8,9;
06.04.2019;14,7;0,367;9,9;
07.04.2019;6,5;3,283;10,1;
08.04.2019;2,1;3,6;7,6;
09.04.2019;0;8,167;8,7;
10.04.2019;0;0;9;
11.04.2019;0;0;11,6;
12.04.2019;0;1,283;11,8;
13.04.2019;0;2,65;12,3;
14.04.2019;3,7;5,517;9,8;
15.04.2019;0;6,467;8,8;
16.04.2019;0;2;9,9;
17.04.2019;0,8;0;9,3;
18.04.2019;0;0;12,1;
20.04.2019;0;4,15;13,3;
21.04.2019;0;10,183;17,3;
22.04.2019;0;10,033;9,1;
23.04.2019;0;12,45;8,9;
24.04.2019;0,4;9,617;14;
25.04.2019;6;0;11,7;
26.04.2019;0;4,5;12,4;
27.04.2019;0;7,3;14,2;
28.04.2019;0;10,983;15;
29.04.2019;0;11,75;15,1;
30.04.2019;0,1;8,633;10,5;
02.05.2019;0;9,433;8;
03.05.2019;0,2;11,917;7,3;
04.05.2019;0,8;1,833;7;
05.05.2019;1,7;6,083;6,8;
06.05.2019;4,1;0,683;4,8;
07.05.2019;0,2;2;7,5;
08.05.2019;0;11,15;8,8;
09.05.2019;0;11,367;9,9;
10.05.2019;0;13,3;12,8;
11.05.2019;0;13,383;14,2;
12.05.2019;0;13,433;15,6;
13.05.2019;0;13,983;14,4;
14.05.2019;0;14,017;18;
15.05.2019;0;13,983;18,2;
16.05.2019;0;13,35;15,2;
17.05.2019;0,2;8,183;20,8;
18.05.2019;0;11,133;23,1;
19.05.2019;5,7;3,283;17,3;
20.05.2019;1,7;5,883;19,2;
21.05.2019;0,4;0,1;10,6;
22.05.2019;0;8,5;15,9;
23.05.2019;0;6,5;19,1;
24.05.2019;0;0;10;
25.05.2019;0,8;0,8;9,8;
26.05.2019;1;8;10,5;
27.05.2019;0;9,3;9,4;
28.05.2019;0,4;0;12,8;
29.05.2019;0,4;0;10,6;
30.05.2019;1,1;0;12,1;
31.05.2019;7,3;0;14,4;
01.06.2019;0,1;0;17,7;
02.06.2019;2,8;0;11,7;
03.06.2019;0;0;13,5;
04.06.2019;0;0;14,7;
05.06.2019;0;0;14,4;
06.06.2019;0;0;13,8;
07.06.2019;0;0;15,3;
08.06.2019;0,8;0;15,1;
09.06.2019;0;0;14,4;
10.06.2019;0;0;19,3;
11.06.2019;0;0;16,4;
12.06.2019;0;0;20,3;
13.06.2019;29,6;0;17,5;
14.06.2019;0,8;0;14,8;
15.06.2019;0;0;20,5;
16.06.2019;0;0;20,4;
17.06.2019;0;0;15,8;
18.06.2019;14,9;0;14,6;
19.06.2019;0;0;16,5;
20.06.2019;0;0;15,5;
21.06.2019;0;0;15,7;
22.06.2019;1,3;0;15,8;
23.06.2019;0;0;21,1;
24.06.2019;0;0;21,1;
25.06.2019;0;0;28;
26.06.2019;0,6;0;25,3;
27.06.2019;1,5;0;18,1;
28.06.2019;0;0;24,7;
29.06.2019;0,1;0;24,5;
30.06.2019;4,9;0;18,7;
01.07.2019;0;0;18,3;
02.07.2019;0,2;0;20,2;
03.07.2019;12,4;0;18;
04.07.2019;10,5;0;21,9;
05.07.2019;1,4;0;17,5;
06.07.2019;0;0;24;
07.07.2019;9,7;0;24,9;
08.07.2019;14,5;0;20,4;
09.07.2019;0;0;22,2;
11.07.2019;0;0;23,9;
12.07.2019;13,3;0;28,1;
13.07.2019;4,4;0;29,1;
14.07.2019;0,2;0;21,2;
15.07.2019;0;0;21;
16.07.2019;0;0;18;
17.07.2019;0;0;21,4;
18.07.2019;0;0;23,1;
19.07.2019;0;0;31,2;
20.07.2019;0;0;28;
21.07.2019;0;0;18,5;
22.07.2019;0;0;22,9;
23.07.2019;0;0;27,1;
24.07.2019;0;0;32,1;
25.07.2019;5,6;0;22,2;
26.07.2019;0;0;17,1;
27.07.2019;0;0;18;
28.07.2019;1,9;0;18,3;
29.07.2019;1,3;0;16,7;
30.07.2019;4,7;0;17,4;
31.07.2019;0;0;16,6;
01.08.2019;0;0;18,2;
02.08.2019;0;0;18,6;
03.08.2019;0;0;21,5;
04.08.2019;1,2;0;19,7;
05.08.2019;5,5;0;20,2;
06.08.2019;0;0;22,3;
07.08.2019;0;0;16,4;
08.08.2019;0;0;16,9;
09.08.2019;0;0;21,3;
10.08.2019;0;0;20,8;
11.08.2019;0;0;23;
12.08.2019;0;0;23;
13.08.2019;15,4;0;27,4;
14.08.2019;0;0;20;
15.08.2019;2,1;0;18,9;
16.08.2019;0;0;28,3;
17.08.2019;0;0;29,4;
18.08.2019;0;0;31,8;
19.08.2019;0;0;28,4;
20.08.2019;0;0;25,1;
21.08.2019;0,3;0;25;
22.08.2019;2,1;0;28,1;
23.08.2019;4,2;0;22,3;
24.08.2019;9,9;0;22,5;
25.08.2019;0,1;0;21,9;
26.08.2019;0;0;21,4;
27.08.2019;0;0;23,8;
28.08.2019;0;0;21,5;
29.08.2019;0,2;0;23,1;
30.08.2019;0;0;25,1;
31.08.2019;4,2;0;23,6;
01.09.2019;0,9;0;21,9;
02.09.2019;1,7;0;21,6;
03.09.2019;3,7;0;23,6;
04.09.2019;0;0;22,7;
05.09.2019;9,8;0;22,7;
06.09.2019;4,9;0;17,3;
07.09.2019;0,4;0;20,1;
08.09.2019;9,8;0;18,5;
09.09.2019;3,8;0;20,6;
10.09.2019;1,4;0;19,9;
11.09.2019;2,4;0;18,2;
12.09.2019;3,9;0;21;
13.09.2019;0;0;21,5;
14.09.2019;0;0;20,3;
15.09.2019;0;0;25,1;
16.09.2019;0;0;24,4;
17.09.2019;0;0;25;
18.09.2019;0;0;26,6;
19.09.2019;0;0;30;
20.09.2019;0;0;26,9;
21.09.2019;0,1;0;31,5;
22.09.2019;0,2;0;24;
23.09.2019;0;0;24,7;
24.09.2019;0,1;0;29,7;
25.09.2019;1,7;0;24,1;
26.09.2019;2,8;0;18,3;
27.09.2019;6,5;0;20;
28.09.2019;3,3;0;20,4;
29.09.2019;6,7;0;16,7;
30.09.2019;0;0;16,7;
01.10.2019;0;0;18,3;
02.10.2019;0;0;17,9;
03.10.2019;18;0;17;
04.10.2019;0,7;0;18,2;
05.10.2019;2,9;0;19,1;
06.10.2019;3,4;0;19,1;
07.10.2019;0;0;18;
08.10.2019;0;0;18,1;
09.10.2019;0,9;0;17,9;
10.10.2019;1,3;0;16,4;
11.10.2019;1,6;0;13,8;
12.10.2019;1,1;0;15,1;
13.10.2019;0;0;15,4;
14.10.2019;0;0;17,1;
15.10.2019;0;0;21;
16.10.2019;0;0;22,7;
17.10.2019;0;0;20,3;
18.10.2019;0;0;18,2;
19.10.2019;0,7;0;16,7;
20.10.2019;13;0;16,6;
21.10.2019;1,5;0;18;
22.10.2019;9,9;0;18,2;
23.10.2019;20,8;0;15;
24.10.2019;9,4;0;16,4;
25.10.2019;9,3;0;11,1;
26.10.2019;0,4;0;13;
27.10.2019;0;0;11,9;
28.10.2019;0,1;0;10,7;
29.10.2019;0,9;0;10,7;
30.10.2019;0;0;11,5;
01.11.2019;4,4;0;11,8;
02.11.2019;5,4;0;16;
03.11.2019;1,6;0;14,1;
04.11.2019;9,9;0;13,6;
05.11.2019;9,9;0;14,5;
06.11.2019;1,5;0;14,8;
07.11.2019;1,3;0;19,1;
08.11.2019;0;0;16,2;
09.11.2019;7,2;0;19,5;
10.11.2019;3,1;0;14,4;
11.11.2019;7,6;0;15,1;
12.11.2019;3,2;0;16,4;
13.11.2019;3,1;0;14,2;
14.11.2019;2,4;0;13,2;
15.11.2019;0;0;13,7;
16.11.2019;0;0;13,7;
17.11.2019;0;0;13,9;
18.11.2019;0;0;14,7;
19.11.2019;1,2;0;14,9;
20.11.2019;3;0;17,5;
21.11.2019;2,1;0;14,5;
22.11.2019;0,9;0;11,8;
23.11.2019;0;0;9,7;
24.11.2019;0;0;9,2;
25.11.2019;0;0;8,5;
26.11.2019;5,7;0;5,5;
27.11.2019;3,2;0;13,9;
28.11.2019;1;0;12,4;
29.11.2019;20,4;0;11,1;
30.11.2019;11,8;0;9,3;
01.12.2019;0;0;7,2;
02.12.2019;1,6;0;8,3;
03.12.2019;0;0;9,1;
04.12.2019;0;0;8,6;
05.12.2019;0,1;0;8,3;
06.12.2019;0;0;6,2;
07.12.2019;0,3;0;7,7;
08.12.2019;0;0;6,3;
09.12.2019;0;0;8,4;
10.12.2019;0;0;8,5;
11.12.2019;9,5;0;8,3;
12.12.2019;3,1;0;7,7;
13.12.2019;3,4;0;9,1;
14.12.2019;0;0;9;
15.12.2019;3,3;0;4,5;
16.12.2019;5,4;0;8,7;
17.12.2019;0;0;9;
18.12.2019;0;0;8,9;
19.12.2019;0;0;5,7;
20.12.2019;0,7;0;6,2;
21.12.2019;0,1;0;7,9;
22.12.2019;6;0;8,7;
23.12.2019;3,3;0;9,8;
24.12.2019;0;0;6,3;
27.12.2019;0;0;5,9;
28.12.2019;0;0;5,2;
29.12.2019;0;0;6;
30.12.2019;0,3;0;7,7;
31.12.2019;0;0;6,6;
02.01.2020;0,7;0;6,7;
03.01.2020;6,6;0;8,1;
04.01.2020;0,9;0;9;
05.01.2020;5,4;0;9,7;
06.01.2020;0,8;0;7,5;
07.01.2020;0;0;5,9;
08.01.2020;0,6;0;5,7;
09.01.2020;0,3;0;5,6;
10.01.2020;1,5;0;3,4;
11.01.2020;12,3;0;5,4;
12.01.2020;2,7;0;7,9;
13.01.2020;2,5;0;7,5;
14.01.2020;0,6;0;12,9;
15.01.2020;0;0;11,2;
16.01.2020;0;0;9,6;
17.01.2020;3,7;0;10,9;
18.01.2020;0;0;8,6;
19.01.2020;3,3;0;5,2;
20.01.2020;1,8;0;8;
21.01.2020;4,3;0;7,1;
22.01.2020;0,1;0;6,7;
23.01.2020;0,8;0;6,5;
24.01.2020;0;0;3,9;
25.01.2020;0;0;2,3;
26.01.2020;0;0;4,9;
27.01.2020;0,1;0;7,8;
28.01.2020;0;0;7,9;
29.01.2020;7,6;0;6,3;
30.01.2020;5,3;0;8,8;
31.01.2020;8,9;0;10,2;
01.02.2020;1,3;0;10,9;
02.02.2020;0;0;7,9;
03.02.2020;0,7;0;8,9;
04.02.2020;0;0;7,1;
05.02.2020;0;0;7,1;
06.02.2020;0;0;8,2;
07.02.2020;0;0;6,5;
08.02.2020;0,2;0;8,2;
09.02.2020;13,3;0;12,9;
10.02.2020;7;0;9;
11.02.2020;12,5;0;5,8;
12.02.2020;6,5;0;6,4;
13.02.2020;2,6;0;4,7;
14.02.2020;0;0;5,8;
15.02.2020;0;0;11;
16.02.2020;22,6;0;13,3;
17.02.2020;1,6;0;9,5;
18.02.2020;9,6;0;7,8;
19.02.2020;1,2;0;7,5;
20.02.2020;7,9;0;8,1;
21.02.2020;3,7;0;7,6;
22.02.2020;8,9;0;9,1;
23.02.2020;5,7;0;6,9;
24.02.2020;8,9;0;9;
25.02.2020;3,7;0;8,9;
26.02.2020;0,3;0;6,4;
27.02.2020;0,7;0;5,1;
28.02.2020;2,3;0;7,9;
29.02.2020;5,7;0;11,3;
01.03.2020;0,2;0;8,9;
02.03.2020;0,2;0;8,7;
03.03.2020;3,3;0;8;
04.03.2020;0,1;0;8,2;
05.03.2020;0;0;7,4;
06.03.2020;2,6;0;5,5;
07.03.2020;0;0;8;
08.03.2020;1;0;11,6;
09.03.2020;2,5;0;9,5;
10.03.2020;12,7;0;10,5;
11.03.2020;0,4;0;10,9;
12.03.2020;3,5;0;10,5;
13.03.2020;0,6;0;8,1;
14.03.2020;0;0;7,9;
15.03.2020;0;0;13,6;
16.03.2020;0;0;11;
17.03.2020;0;0;11,1;
18.03.2020;4,4;0;10,2;
19.03.2020;0;0;11,2;
20.03.2020;0;0;9,1;
21.03.2020;0;0;6,4;
22.03.2020;0;0;6,2;
23.03.2020;0;0;7,2;
24.03.2020;0;0;8,5;
25.03.2020;0;0;10,2;
26.03.2020;0;0;9,7;
27.03.2020;0;0;9,8;
28.03.2020;2,6;0;10,8;
29.03.2020;0,9;0;5,4;
30.03.2020;1,2;0;8,3;
31.03.2020;0,4;0;7,8;
01.04.2020;0,3;0;8,2;
02.04.2020;1;0;10,5;
03.04.2020;0,5;0;9,7;
04.04.2020;0,1;0;13,2;
05.04.2020;0;0;16,1;
06.04.2020;0;0;21,6;
07.04.2020;0;0;16,5;
08.04.2020;0;0;20,3;
09.04.2020;0;0;13,2;
10.04.2020;0;0;12,1;
11.04.2020;0;;14,8;
12.04.2020;0;;19,4;
13.04.2020;0,8;;9,9;
14.04.2020;0;;9,6;
15.04.2020;0;;14,1;
16.04.2020;0;;14,6;
17.04.2020;0;;11,5;
18.04.2020;0;;12,6;
19.04.2020;0;;11,9;
20.04.2020;0;;14;
21.04.2020;0;;13,2;
22.04.2020;0;;13,7;
23.04.2020;0;;18,5;
24.04.2020;0;;17,2;
25.04.2020;0;;15,1;
26.04.2020;0;;10,2;
27.04.2020;0;;18,9;
28.04.2020;2,5;;12,1;
29.04.2020;2,1;;10,7;
30.04.2020;9,5;;13,3;
01.05.2020;3,1;;13,8;
02.05.2020;0,2;;13,2;
03.05.2020;0;;15,1;
04.05.2020;0;;14,4;
05.05.2020;0;;13,2;
06.05.2020;0;;14,4;
07.05.2020;0;;14,8;
08.05.2020;0,6;;18,9;
09.05.2020;0,5;;20,8;
10.05.2020;0;;20,8;
11.05.2020;0;;10,8;
12.05.2020;3,6;;10,8;
13.05.2020;0,6;;8,7;
14.05.2020;0;;12,9;
15.05.2020;2;;12,6;
16.05.2020;0;;14,2;
17.05.2020;0;;16,9;
18.05.2020;1,4;;14,5;
19.05.2020;0,3;;18,4;
20.05.2020;0;;18;
21.05.2020;0;;20,9;
22.05.2020;8;;19,7;
23.05.2020;2,6;;16,6;
24.05.2020;0,6;;15,9;
25.05.2020;0;;17,8;
26.05.2020;0;;18,9;
27.05.2020;0;;18,5;
28.05.2020;0;;17,7;
29.05.2020;0;;18,1;
30.05.2020;0;;19,6;
